BuzzFeedVideo,7 Things Crafty People Dominate,18740,71.0,135k Views,70.953
BuzzFeedVideo,Drinking Traditions Around The World,396565,511.0,0,0
BuzzFeedVideo,Signs You Can’t Commit,264864,103.0,526k Views,100.158
BuzzFeedVideo,When You're The Petty Friend,654482,113.0,0,0
BuzzFeedVideo,"$27 Cake Vs. $1,120 Cake",8320518,871.0,0,0
BuzzFeedVideo,When You Can't Help Your Parents,405648,412.0,0,0
BuzzFeedVideo,Single People Try Bizarre Sex Toys • Single AF,653254,233.0,0,0
BuzzFeedVideo,"A Pakistani-American Mother And Daughter Have ""The Talk""",350992,294.0,0,0
BuzzFeedVideo,We Tried the Best $1 Chai in NYC,950154,397.0,0,0
BuzzFeedVideo,How Pogo Sticks Are Made,254814,74.0,0,0
BuzzFeedVideo,10 Changes You Can Make To Have A Great Year,431880,115.0,408k Views,115.113
BuzzFeedVideo,The Worst Things About Being A Woman • Wine Mom,679343,188.0,0,0
BuzzFeedVideo,Can You Guess The Younger Version of These Celebrities?,611746,240.0,490k Views,239.955
BuzzFeedVideo,The Six People Who Tell You What To Watch // Presented By BuzzFeed & Amazon Fire TV,117355,160.0,0,0
BuzzFeedVideo,When Your Doctor Is Hot,453764,77.0,626k Views,74.665
BuzzFeedVideo,Can You Make Any Food Dessert?,989010,215.0,591k Views,215.187
BuzzFeedVideo,Do Guys Know What Women Want?,728418,274.0,209k Views,272.066
BuzzFeedVideo,Vegetarians Try Veggie Fast Food Options,1426328,180.0,0,0
BuzzFeedVideo,Coming Out,2174904,282.0,2.6M Views,270.91
BuzzFeedVideo,15 Lies We Tell Ourselves,368303,74.0,0,0
BuzzFeedVideo,People Give Up Social Media For A Week,604838,300.0,0,0
BuzzFeedVideo,I Have A Condition That Makes Sex Painful,1750007,244.0,0,0
BuzzFeedVideo,Instant Hot Chocolate Taste Test,1094553,157.0,0,0
BuzzFeedVideo,12 Amazing Feelings You Can't Resist,863961,106.0,0,0
BuzzFeedVideo,Weirdest Misheard Lyrics of 2016,4072966,313.0,0,0
BuzzFeedVideo,Can You Guess Which Wine Is More Expensive?,404198,237.0,0,0
BuzzFeedVideo,Do These Things Make You Super Uncomfortable?,1079709,103.0,0,0
BuzzFeedVideo,Meat Lovers Get Pranked With Plant Burgers,2474598,194.0,0,0
BuzzFeedVideo,Doing Anything For Someone You Love,396334,423.0,0,0
BuzzFeedVideo,Kaitlin Olson Does The Wine Mom Challenge • Wine Mom,239916,373.0,0,0
BuzzFeedVideo,10 Food Facts That Will Totally Mess You Up,831823,133.0,0,0
BuzzFeedVideo,People Try Fast Food Wine Pairings,619277,156.0,0,0
BuzzFeedVideo,I Wore Body Paint Instead Of Clothes In The City,759934,199.0,0,0
BuzzFeedVideo,Cool Things About Being Single,475276,76.0,0,0
BuzzFeedVideo,People Guess Cheap Vs. Expensive Wine,829441,221.0,0,0
BuzzFeedVideo,People Eat Insects For The First Time,538389,131.0,0,0
BuzzFeedVideo,Couples Give Each Other Surprise Hair Makeovers • Ned & Ariel,2163079,232.0,0,0
BuzzFeedVideo,People Make Pinterest Christmas Treats,565029,172.0,0,0
BuzzFeedVideo,Men Decorate Each Others Beards For Christmas,331813,172.0,0,0
BuzzFeedVideo,"People Play ""Never Have I Ever"" With Their Parents",4073753,214.0,0,0
BuzzFeedVideo,Adults Try '90s Infomercial Toys,2302780,201.0,0,0
BuzzFeedVideo,Growing Up With An African Mum,453626,108.0,0,0
BuzzFeedVideo,What Is Self-Care • In The Closet,237926,327.0,0,0
BuzzFeedVideo,Signs You Don’t Want To Grow Up,275109,88.0,0,0
BuzzFeedVideo,People Guess Cheap Vs. Expensive Caviar,1262088,166.0,0,0
BuzzFeedVideo,We Let Google Make Our Decisions For A Day • Downtown LA // Presented By Google Search,881029,370.0,0,0
BuzzFeedVideo,The One That Got Away,882942,606.0,0,0
BuzzFeedVideo,People Try Hungarian Food For The First Time,975650,198.0,0,0
BuzzFeedVideo,The Best Ways We Surprised People In 2016,248845,214.0,0,0
BuzzFeedVideo,How Good Is Your Memory? (360° Video),279722,133.0,0,0
Ed Sheeran,Ed Sheeran - Shape Of You [Official Lyric Video],27386801,236.0,0,0
Ed Sheeran,Ed Sheeran - Castle On The Hill [Official Lyric Video],23161662,261.0,0,0
Ed Sheeran,Ed Sheeran - Touch and Go [Audio],6250626,241.0,0,0
Ed Sheeran,Rudimental Feat Ed Sheeran Lay It All On Me [Audio],6776419,243.0,0,0
Ed Sheeran,Ed Sheeran - I'm A Mess [Live From Wembley Stadium],1405817,322.0,0,0
Ed Sheeran,Ed Sheeran - See Ed on the #EdCarpet...,315975,61.0,0,0
Ed Sheeran,2015 MTV EMA - Official Promo - Ed Sheeran and Ruby Rose,694909,46.0,0,0
Ed Sheeran,Ed Sheeran - Jumpers For Goalposts [Official Trailer],2472830,100.0,0,0
Ed Sheeran,Ed Sheeran - Photograph (Official Music Video),291394739,275.0,0,0
Ed Sheeran,Ed Sheeran & Emil Nava - [Exclusive Behind the Scenes - YTMAs],397492,221.0,0,0
Ed Sheeran,"Ed Sheeran & Rudimental­ ""Bloodstream"" [Official Music Video­ YTMAs]",23585085,247.0,0,0
Ed Sheeran,Ed Sheeran & Rudimental - Bloodstream [Official Behind the Scenes  YTMAs],535326,40.0,0,0
Ed Sheeran,Ed Sheeran + Rudimental - Bloodstream [Official Teaser - YTMAs],710236,21.0,0,0
Ed Sheeran,YouTube Music Awards,414084,22.0,0,0
Ed Sheeran,Ed Sheeran - x Tour Diaries [Birthday Special],568869,181.0,0,0
Ed Sheeran,Ed Sheeran - Thinking Out Loud [Official Fan Video],1589709,293.0,0,0
Ed Sheeran,Ed Sheeran - x Tour Diaries (Part 3),824929,466.0,0,0
Ed Sheeran,Ed Sheeran - Thinking Out Loud (x Acoustic Session),29850661,267.0,0,0
Ed Sheeran,Ed Sheeran - Thinking Out Loud (Behind The Scenes),19580395,395.0,0,0
Ed Sheeran,Ed Sheeran - Thinking Out Loud [Official Video],1444827568,297.0,0,0
Ed Sheeran,Ed plays 'Thinking Out Loud' to cats: x Tour Diary (Part 2),2546092,481.0,0,0
Ed Sheeran,Ed plays 'Spray Tan Bingo': x Tour Diary (Part I),840271,533.0,0,0
Ed Sheeran,Ed Sheeran - Don't (Remix ft. Rick Ross) [Official],3215479,260.0,0,0
Ed Sheeran,Ed Sheeran - Don't [Official Video],135791572,292.0,0,0
Ed Sheeran,Subscribe to Ed's Channel!,2074070,48.0,0,0
Ed Sheeran,Ed Sheeran - I'm A Mess (x Acoustic Sessions),25621216,242.0,0,0
Ed Sheeran,Ed plays on top of the Empire State Building for Multiply Day!,413596,158.0,0,0
Ed Sheeran,Ed Sheeran - Thinking Out Loud [Official],31792221,293.0,0,0
Ed Sheeran,Ed Sheeran - The Man [Official],13016651,261.0,0,0
Ed Sheeran,Ed Sheeran - Bloodstream [Official],29299016,312.0,0,0
Ed Sheeran,Ed Sheeran - Afire Love [Official],40385186,324.0,0,0
Ed Sheeran,Ed Sheeran - Don't [Official],36070622,217.0,0,0
Ed Sheeran,Ed Sheeran - Sing [Official Video],165549757,270.0,5.3M Views,269.888
Ed Sheeran,Ed Sheeran - All Of The Stars (Live at TFIOS Premiere),1383711,230.0,0,0
Ed Sheeran,Ed Sheeran - Sing (Live at TFIOS Premiere),566718,281.0,0,0
Ed Sheeran,Ed Sheeran - All Of The Stars [Official Video],82750195,256.0,0,0
Ed Sheeran,Ed Sheeran - Multiply Live in Dublin (Full Live Show),8676789,5292.0,0,0
Ed Sheeran,Ed Sheeran: UK & Ireland Multiply Tour (Part 2),146417,121.0,0,0
Ed Sheeran,Ed Sheeran: UK & Ireland Multiply Tour (Part 1),181191,128.0,0,0
Ed Sheeran,Ed Sheeran - One [Official Video],81940632,238.0,0,0
Ed Sheeran,Ed Sheeran - Sing [Official],17252436,236.0,0,0
Ed Sheeran,Ed Sheeran - Sing [Official Preview],1192038,68.0,0,0
Ed Sheeran,Ed Sheeran: Sing Launch & Interview with JacksGap,751928,2500.0,0,0
Ed Sheeran,Ed Sheeran: Tour Diary 2014,388102,229.0,0,0
Ed Sheeran,Ed Sheeran - Wake Me Up (Live From The Artist's Den),2549830,249.0,0,0
Ed Sheeran,Custom Charity Guitar Update!,262067,77.0,0,0
Ed Sheeran,Ed Sheeran: US Tour Diary 2013 (Part 6),378865,804.0,0,0
Ed Sheeran,Ed Sheeran: US Tour Diary 2013 (Part 5),322876,530.0,0,0
Ed Sheeran,Ed Sheeran: US Tour Diary 2013 (Part 4),463211,492.0,0,0
Ed Sheeran,Ed Sheeran: US Tour Diary 2013 (Part 3),355381,402.0,0,0
Jimmy Kimmel Live,Amy Adams on Getting a Star on the Hollywood Walk of Fame,24314,172.0,0,0
Jimmy Kimmel Live,Naomie Harris Shot Moonlight in Just Three Days,7412,172.0,0,0
Jimmy Kimmel Live,Naomie Harris Honored by The Queen,4908,68.0,0,0
Jimmy Kimmel Live,Naomie Harris on Golden Globes Date & Dress,7037,197.0,0,0
Jimmy Kimmel Live,Amy Adams on Speaking Mandarin,24649,248.0,0,0
Jimmy Kimmel Live,Amy Adams Went From Selling Licorice to the Golden Globes,20402,242.0,0,0
Jimmy Kimmel Live,Trump vs. Schwarzenegger Boardroom Battle,22665,143.0,0,0
Jimmy Kimmel Live,Generation Gap with Cousin Sal,45133,557.0,0,0
Jimmy Kimmel Live,Jimmy Kimmel Live Tonight (Tuesday 1/10),8390,16.0,0,0
Jimmy Kimmel Live,Ben Affleck on Making a Gangster Movie,74971,162.0,0,0
Jimmy Kimmel Live,Jimmy Kimmel Talks to Teenage Shark Bite Victim,31375,379.0,166k Views,375.688
Jimmy Kimmel Live,Jimmy Kimmel Analyzes Corinne from The Bachelor,65055,318.0,162k Views,314.777
Jimmy Kimmel Live,Ruth Negga on Getting a Shout Out From Meryl Streep,102118,260.0,0,0
Jimmy Kimmel Live,Foy Vance Performs 'Moonshine',10426,247.0,0,0
Jimmy Kimmel Live,Ruth Negga on her Golden Globes Date,40682,95.0,0,0
Jimmy Kimmel Live,Ben Affleck on the Meryl Streep/Donald Trump Feud,729220,107.0,0,0
Jimmy Kimmel Live,Ruth Negga and Natalie Portman Get Intimate,37351,73.0,0,0
Jimmy Kimmel Live,Ben Affleck on New Justice League Movie,189221,70.0,0,0
Jimmy Kimmel Live,Jimmy Kimmel's Daughter Thinks He Looks Like Jimmy Fallon,82195,38.0,0,0
Jimmy Kimmel Live,Ben Affleck's Brother Casey Did Not Thank Him in Golden Globes Speech,833889,236.0,277k Views,232.946
Jimmy Kimmel Live,Jimmy Kimmel Live Tonight (Monday 1/9),29073,16.0,0,0
Jimmy Kimmel Live,"Jimmy Kimmel's New Show ""Big Fan"" Premieres TONIGHT",30994,16.0,0,0
Jimmy Kimmel Live,Fantastic Negrito Performs 'Lost in a Crowd',18152,278.0,0,0
Jimmy Kimmel Live,Claire Foy's Embarrassing Encounter with Kate Winslet,190496,331.0,0,0
Jimmy Kimmel Live,Mel Gibson on New Movie Hacksaw Ridge,191399,245.0,0,0
Jimmy Kimmel Live,Claire Foy Loves to be Queen,71331,71.0,0,0
Jimmy Kimmel Live,"Mel Gibson on His New Baby, Andrew Garfield & Vince Vaughn",221665,289.0,0,0
Jimmy Kimmel Live,Mel Gibson After Finally Getting Rid of His Beard,109780,79.0,0,0
Jimmy Kimmel Live,This Week in Unnecessary Censorship,72063,91.0,0,0
Jimmy Kimmel Live,Jimmy Kimmel Explains How The Truth Works,82699,178.0,0,0
Jimmy Kimmel Live,Mel Gibson Cuts Hair & Gets Shaved on Hollywood Blvd,623285,393.0,142k Views,389.552
Jimmy Kimmel Live,Jimmy Kimmel Live Tonight (Thursday 1/5),8290,16.0,0,0
Jimmy Kimmel Live,Comedian K. Trevor Wilson on His Name & Comedy Album,22138,59.0,0,0
Jimmy Kimmel Live,Comedian K. Trevor Wilson Performs Stand-up,63027,318.0,0,0
Jimmy Kimmel Live,Andy Richter on New Celebrity Game Show 'Big Fan',106948,297.0,65k Views,292.672
Jimmy Kimmel Live,Andy Richter is Brutally Honest About Parenting,167457,185.0,0,0
Jimmy Kimmel Live,Andy Richter on Being a Late Night Sidekick,179353,101.0,0,0
Jimmy Kimmel Live,Kevin Costner's Unbelievable Day with President George H.W. Bush,112272,379.0,255k Views,374.637
Jimmy Kimmel Live,Kevin Costner Reveals Possibility of a Bull Durham Sequel,35986,194.0,0,0
Jimmy Kimmel Live,White House Party,76317,108.0,0,0
Jimmy Kimmel Live,Jimmy Kimmel's Giant Stuffed Bear Revenge,432331,86.0,343k Views,81.561
Jimmy Kimmel Live,Jimmy Kimmel Receives Strange Gift From Guitar Player,23959,93.0,109k Views,89.235
Jimmy Kimmel Live,Cousin Sal's Home Deliveries - Thai Food,98238,150.0,78k Views,145.492
Jimmy Kimmel Live,Jimmy Kimmel Live Tonight (Wednesday 1/4),9518,16.0,0,0
Jimmy Kimmel Live,Jovan Adepo on Working with Denzel Washington,31804,439.0,0,0
Jimmy Kimmel Live,Taraji P. Henson on Her Math Skills and Meeting the Obamas,225810,340.0,0,0
Jimmy Kimmel Live,Taraji P. Henson Needs a Private Island & Jet,119626,273.0,0,0
Jimmy Kimmel Live,Behind the Scenes with Jimmy Kimmel and Audience (Most Positive Couple Ever),33836,243.0,0,0
Jimmy Kimmel Live,Don't Talk Into the Mic and Win $10,209350,149.0,220k Views,146.326
Jimmy Kimmel Live,Verne Troyer Visits a Wolf Sanctuary,90063,54.0,119k Views,51.281
The Tonight Show Starring Jimmy Fallon,The Flaming Lips: The Castle,2730,277.0,0,0
The Tonight Show Starring Jimmy Fallon,Queen Latifah and Jimmy Serenaded Resort Guests in Jamaica,11050,114.0,0,0
The Tonight Show Starring Jimmy Fallon,"Freestylin' with The Roots: New Year's Resolution, Tallest Filipino Ever",17920,306.0,0,0
The Tonight Show Starring Jimmy Fallon,Fred Armisen Is a Doppelgänger of His Famous Japanese Grandfather,8115,123.0,0,0
The Tonight Show Starring Jimmy Fallon,The Roots Reenact The Bachelor,27279,151.0,0,0
The Tonight Show Starring Jimmy Fallon,"Behind the Lyrics with John Legend, Neil Diamond and Michael Bublé",11962,96.0,0,0
The Tonight Show Starring Jimmy Fallon,"Humannequins with Queen Latifah, Wayne Coyne and Fred Armisen",107235,348.0,840k Views,348.99
The Tonight Show Starring Jimmy Fallon,Fake Proverbs with Fred Armisen,25024,194.0,0,0
The Tonight Show Starring Jimmy Fallon,Tales from Tour: The Flaming Lips,608,313.0,0,0
The Tonight Show Starring Jimmy Fallon,The Tonight Show Starring Jimmy Fallon Preview 01/10/17,46021,11.0,0,0
The Tonight Show Starring Jimmy Fallon,Jimmy Fallon's Golden Globes Cold Open,4586121,307.0,1.1M Views,11.091
The Tonight Show Starring Jimmy Fallon,Jimmy Fallon's Golden Globe Cold Open Tease,342746,11.0,1.1M Views,11.091
The Tonight Show Starring Jimmy Fallon,Internet Pop Quiz with Rhett & Link,857184,442.0,0,0
The Tonight Show Starring Jimmy Fallon,Adam Driver Gives His Star Wars Figurines as Gifts,588800,132.0,0,0
The Tonight Show Starring Jimmy Fallon,12 Days of Christmas Sweaters 2016: Day 12,92708,251.0,0,0
The Tonight Show Starring Jimmy Fallon,Rhett & Link Bonded Over Swears in First Grade,2683134,235.0,0,0
The Tonight Show Starring Jimmy Fallon,"Thank You Notes: Santa Claus, 2017 New Year's Glasses",372344,156.0,0,0
The Tonight Show Starring Jimmy Fallon,"Will It Tea? with Jimmy Fallon, Rhett & Link (Good Mythical Morning)",2993910,557.0,1.1M Views,558.377
The Tonight Show Starring Jimmy Fallon,Dec 99th: Seaside Panic Room/N.A.W. Medley,59783,276.0,0,0
The Tonight Show Starring Jimmy Fallon,5-Second Summaries with Jim Parsons,1328455,275.0,0,0
The Tonight Show Starring Jimmy Fallon,Hashtags: #NewXmasCarols,832202,201.0,0,0
The Tonight Show Starring Jimmy Fallon,12 Days of Christmas Sweaters 2016: Day 11,61582,170.0,0,0
The Tonight Show Starring Jimmy Fallon,I've Got Good News and Good News: Beyoncé's Winter Tour,106705,88.0,0,0
The Tonight Show Starring Jimmy Fallon,Jimmy Demos the Hottest Christmas Toys with Kid Experts Evan and Jillian,670007,375.0,915k Views,376.318
The Tonight Show Starring Jimmy Fallon,Dressing Room Cooking Challenge: Chef Daniel Humm,34283,136.0,0,0
The Tonight Show Starring Jimmy Fallon,Internet Pop Quiz with Nick Kroll,39986,164.0,0,0
The Tonight Show Starring Jimmy Fallon,Food Fake-Outs with Chef Daniel Humm,368865,350.0,0,0
The Tonight Show Starring Jimmy Fallon,Viola Davis Likes to Jacuzzi and Chill on Her Time Off,111659,97.0,0,0
The Tonight Show Starring Jimmy Fallon,Tonight Show Superlatives: 2016 NFL Season - Giants and Eagles,74455,119.0,0,0
The Tonight Show Starring Jimmy Fallon,"Nick Kroll Might Have Poisoned Chris Pratt During Oh, Hello",171020,122.0,0,0
The Tonight Show Starring Jimmy Fallon,12 Days of Christmas Sweaters 2016: Day 10,68314,209.0,0,0
The Tonight Show Starring Jimmy Fallon,Best Friends Challenge with Viola Davis,439051,253.0,622k Views,254.142
The Tonight Show Starring Jimmy Fallon,My First Concert: Sylvan Esso,20258,234.0,0,0
The Tonight Show Starring Jimmy Fallon,Kid Theater with Matthew McConaughey,1513299,428.0,0,0
The Tonight Show Starring Jimmy Fallon,Sylvan Esso: Radio,96403,249.0,0,0
The Tonight Show Starring Jimmy Fallon,12 Days of Christmas Sweaters 2016: Day 9,58739,247.0,0,0
The Tonight Show Starring Jimmy Fallon,Singing Got Janelle Monáe Fired from Office Depot,169467,117.0,0,0
The Tonight Show Starring Jimmy Fallon,Matthew McConaughey Heads to Brazil for the Holidays,340559,166.0,0,0
The Tonight Show Starring Jimmy Fallon,"Jimmy Fallon, Paul McCartney and ""Sing"" Cast Perform ""Wonderful Christmastime"" (A Cappella)",4278304,96.0,0,0
The Tonight Show Starring Jimmy Fallon,"Tonight Show Sidewalk of Fame: Bird Sounds, Hand Walking, Star Wars Impressions",97283,495.0,0,0
The Tonight Show Starring Jimmy Fallon,12 Days of Christmas Sweaters 2016: Day 8,76422,193.0,0,0
The Tonight Show Starring Jimmy Fallon,Tony Bennett: I Left My Heart in San Francisco,97472,179.0,0,0
The Tonight Show Starring Jimmy Fallon,Frank Sinatra Taught Tony Bennett the Audience Is His Friend,146525,182.0,0,0
The Tonight Show Starring Jimmy Fallon,Denzel Washington Reunited with His Childhood Librarian,646654,175.0,0,0
The Tonight Show Starring Jimmy Fallon,Denzel Washington Dramatically Reads Greeting Cards,2920423,385.0,2.4M Views,386.067
The Tonight Show Starring Jimmy Fallon,Behind the Scenes: 12 Days of Christmas Sweaters,76911,230.0,0,0
The Tonight Show Starring Jimmy Fallon,12 Days of Christmas Sweaters 2016: Day 7,109694,303.0,0,0
The Tonight Show Starring Jimmy Fallon,Reese Witherspoon's Mom Gives Five-Word Movie Reviews,666407,213.0,0,0
The Tonight Show Starring Jimmy Fallon,"Thank You Notes: Nativity Scenes, Family Newsletters",219533,136.0,0,0
The Tonight Show Starring Jimmy Fallon,Andrew Rannells Starred in the Unauthorized Karate Kid Parody Musical,113217,176.0,0,0
Linkin Park,Mr.Hahn LIVE from CES in Las Vegas,49292,225.0,0,0
Linkin Park,Mike LIVE from Agenda,74412,531.0,0,0
Linkin Park,Phoenix LIVE golfing with Brendan Steele,56729,568.0,0,0
Linkin Park,Chester Live From Sweat for a Cause,138807,712.0,0,0
Linkin Park,Linkin Park x MadeWorn,607140,226.0,192k Views,13.609
Linkin Park,"Mannequin Challenge from ""Burn It Down"" - Linkin Park",386306,33.0,0,0
Linkin Park,Papercut [Live from Monster Mash 2015] - Linkin Park,394208,219.0,0,0
Linkin Park,Studio Moments: Bongo Band Jam,84975,57.0,512k Views,56.83
Linkin Park,In The End (Official Lyric Video) - Linkin Park,1798670,217.0,0,0
Linkin Park,Studio Views,96726,22.0,0,0
Linkin Park,A Message From Chester: Studio Update #7,176562,46.0,0,0
Linkin Park,Linkin Park - 360 Studio Tour with Mike,181301,411.0,0,0
Linkin Park,Wth.You - Linkin Park (Reanimation),281036,253.0,0,0
Linkin Park,Somewhere I Belong - Linkin Park (Live in Texas),391671,218.0,0,0
Linkin Park,SUBSCRIBE TO LINKIN PARK ON YOUTUBE - 2016,651604,53.0,0,0
Linkin Park,Music for Relief Mangroves Trip 2016 [Extended Edit],167025,330.0,0,0
Linkin Park,Studio Sounds (Good Problems) - Linkin Park 2016,268217,43.0,0,0
Linkin Park,LPU 15 Bundle Unboxing Video with Mike Shinoda - Linkin Park,369715,107.0,0,0
Linkin Park,Happy Holidays from Linkin Park - 2015,281548,16.0,0,0
Linkin Park,2015 European Tour (Part 4 of 4) | LPTV #137 | Linkin Park,308742,312.0,0,0
Linkin Park,LP Underground 15 (Trailer) - Linkin Park,277306,34.0,0,0
Linkin Park,Lying From You - Linkin Park (Meteora),1070793,176.0,0,0
Linkin Park,2015 European Tour (Part 3 of 4) | LPTV #136 | Linkin Park,195950,214.0,0,0
Linkin Park,Cure For The Itch (Official Video) - Linkin Park,764751,56.0,0,0
Linkin Park,Points Of Authority (Official Video) - Linkin Park,1812231,211.0,0,0
Linkin Park,Pushing Me Away - Linkin Park (Hybrid Theory),1546634,192.0,0,0
Linkin Park,Linkin Park - Points Of Authority,388960,201.0,0,0
Linkin Park,2015 European Tour (Part 2 of 4) | LPTV #135 | Linkin Park,205592,265.0,0,0
Linkin Park,2015 European Tour (Part 1 of 4) | LPTV #134 | Linkin Park,184356,279.0,0,0
Linkin Park,2015 China Tour (Part 2 of 2) | LPTV #133 | Linkin Park,162138,402.0,0,0
Linkin Park,2015 China Tour (Part 1 of 2) | LPTV #132 | Linkin Park,150462,300.0,0,0
Linkin Park,Fort Minor - Welcome (Demo) | LPTV #131,369589,163.0,0,0
Linkin Park,A Line in The Sand Guitar - Brad Delson Solo Tutorial | Linkin Park,164325,89.0,0,0
Linkin Park,"Viva Mexico, Viva Linkin Park 2015 | LPTV #130 | Linkin Park",279976,254.0,0,0
Linkin Park,Fort Minor - Welcome - Video Shoot Day 2 (Studio) | LPTV #129,180089,197.0,0,0
Linkin Park,Fort Minor - Welcome - Video Shoot Day 1 (Venice) | LPTV #128,231597,241.0,0,0
Linkin Park,Summer Festivals And The Storm | LPTV #127 | Linkin Park,192236,153.0,0,0
Linkin Park,A Line In The Sand | LPTV #126 | Linkin Park,256178,263.0,0,0
Linkin Park,Drawbar (feat. Tom Morello) | LPTV #125 | Linkin Park,336924,187.0,0,0
Linkin Park,Plc.4 Mie Haed - Linkin Park (Reanimation),272774,262.0,0,0
Linkin Park,Numb / Encore - Jay Z / Linkin Park (Road to Revolution: Live at Milton Keynes),1265575,183.0,0,0
Linkin Park,A Line In The Sand - Linkin Park (The Hunting Party),1711100,397.0,0,0
Linkin Park,Lying From You - Linkin Park (Road to Revolution: Live at Milton Keynes),141890,201.0,0,0
Linkin Park,1stp Klosr - Linkin Park (Reanimation),224178,348.0,0,0
Linkin Park,All For Nothing (ft. Page Hamilton) - Linkin Park (The Hunting Party),1761509,215.0,0,0
Linkin Park,Powerless (Enferno Remix) - Linkin Park (Recharged),70687,369.0,0,0
Linkin Park,By_Myself - Linkin Park (Reanimation),108196,226.0,0,0
Linkin Park,Crawling - Linkin Park (Road to Revolution: Live at Milton Keynes),191258,299.0,0,0
Linkin Park,The Summoning - Linkin Park (The Hunting Party),270483,62.0,0,0
Linkin Park,I'll Be Gone (Schoolboy Remix) - Linkin Park (Recharged),82486,373.0,0,0