David Guetta,808 The Movie - Trailer,0,256k Views
David Guetta,#ShedAChristmasLight üéÖ,0,640k Views
David Guetta,Robin Schulz‚Äã & David Guetta‚Äã feat. Cheat Codes - Shed A Light...,0,157k Views
danisnotonfire,WHEN GESTICULATING GOES TOO FAR,0,339k Views
Meredith Foster,I ROAST MYSELF in Not A Queen,0,92k Views
Meredith Foster,When you're fall af,0,24k Views
Meredith Foster,Girls at School be Like,0,35k Views
Meredith Foster,May Q&A,0,38k Views
Meredith Foster,HEALTHY NEW YEAR,0,83k Views
Henrique e Juliano,Henrique e Juliano‚Äã em Fortaleza - CE,0,133k Views
Henrique e Juliano,Henrique e Juliano - Feliz 2017,0,74k Views
Henrique e Juliano,Henrique e Juliano em Fortaleza - CE,0,36k Views
Henrique e Juliano,Henrique e Juliano em Guarapari - ES,0,27k Views
Henrique e Juliano,Henrique e Juliano - Shows da semana - de 26 a 31 de Dezembro,0,42k Views
Vsauce,BRAIN CANDY LIVE,0,190k Views
Vsauce,BRAIN CANDY LIVE,0,83k Views
Vsauce,HINT HINT ;),0,101k Views
Vsauce,Vsauce LIVE Pt.2,0,32k Views
Vsauce,Vsauce LIVE!,0,32k Views
Vsauce,How Earth Moves Through the Universe,0,76k Views
FaZe Rain,CRAZY GUY RAGES OVER VIDEO GAME,0,300k Views
FaZe Rain,2017 Audi R8 V10 Plus Rippage by FaZe Shat,0,85k Views
FaZe Rain,Insane TrickShot Hitmarker on Call of Duty,0,119k Views
FaZe Rain,3 Million Subscribers Video,0,91k Views
FaZe Rain,Phone Sex Prank!,0,83k Views
FaZe Rain,When someone brings me Pizza..,0,131k Views
FaZe Rain,Girlfriends first trickshot,0,983k Views
Warner Bros. Pictures,LEGO Batman - Extended TV Spot,0,6.3M Views
Warner Bros. Pictures,LEGO Batman Movie Trailer #4,0,6.5M Views
Warner Bros. Pictures,"Collateral Beauty ft. ""Let's Hurt Tonight""",0,320k Views
Warner Bros. Pictures,Your Chance to Visit the Set of the Blade Runner Sequel,0,324k Views
Warner Bros. Pictures,Fantastic Beasts - Global Fan Event Announcement,0,1.6M Views
Warner Bros. Pictures,Fantastic Beasts - Final Trailer,0,22M Views
Warner Bros. Pictures,Annabelle 2 - Announcement Teaser,0,5.9M Views
Warner Bros. Pictures,War Dogs - Problem,0,76k Views
UKF Dubstep,Sofie Letitre - I'll Be Fine (ZES Remix),71290,11k Views
UKF Dubstep,UKF Dubstep 2016,0,28k Views
UKF Dubstep,SKisM on the Terror Squad Skrillex controversy,0,57k Views
UKF Dubstep,Myro - Playa (Official Video),0,71k Views
UKF Dubstep,Myro - Playa (Truth Remix),0,25k Views
UKF Dubstep,Bare Noize & AFK - Elemental (ft. Anna Yvette),0,16k Views
UKF Dubstep,Myro - Playa (Teaser),0,106k Views
UKF Dubstep,Dubstep Drops with Skism,0,29k Views
UKF Dubstep,Siskiyou - Power Glove,0,12k Views
UKF Dubstep,Skrillex at Sea Dance Festival 2016,0,176k Views
Manual do Mundo,Origami: p√°ssaro equilibrista,0,10k Views
Manual do Mundo,M√°quina multiplicadora de √°gua,0,15k Views
Manual do Mundo,Refri caseiro ataque de tubar√£o,0,19k Views
Manual do Mundo,Pulgas dan√ßantes fritas,0,24k Views
Manual do Mundo,Caiaque dobr√°vel,0,13k Views
Manual do Mundo,Pegadinha mais f√°cil do mundo,0,31k Views
Manual do Mundo,Desafio das moedas vizinhas,0,34k Views
Manual do Mundo,Vamos chutar o balde em 2017!,265601,5.8k Views
Manual do Mundo,Abrindo a sobremesa da sobreviv√™ncia,0,7.4k Views
Manual do Mundo,Como saber se uma pilha √© nova ou velha,0,9k Views
MyLifeAsEva,How to Survive High School: Your First Relationship!,0,10k Views
MyLifeAsEva,How to Survive High School: How To Make New Friends!,0,23k Views
MyLifeAsEva,How to Survive High School: Your First Crush!,0,17k Views
MyLifeAsEva,How to Survive High School: Car Rides with Mom,0,13k Views
MyLifeAsEva,How to Survive High School: The First Day Of School,0,18k Views
MyLifeAsEva,"""How to Survive High School"" Promo | MyLifeAsEva",0,22k Views
MyLifeAsEva,My School Routine! | Mylifeaseva,0,9k Views
Eros Now,Happy Birthday A R Rahman,0,23k Views
Eros Now,Making Of The Movie Phobia,0,16k Views
Eros Now,Varun Dhawan's Cricket commentary skills,0,37k Views
Eros Now,Ki And Ka - Eros Now,0,138k Views
Eros Now,5 Movies That'll Make Great Resolutions In 2017,0,28k Views
Eros Now,5 Hook Steps for your New Year Party!,0,40k Views
Eros Now,The Every Year Video,0,52k Views
Eros Now,Salman Khan Movies,0,31k Views
enchufetv,DICCIONARIO ENCHUFE,0,64k Views
enchufetv,microYAPA: El Bosque de la China,0,363k Views
enchufetv,Elige tu PREMIO,0,318k Views
enchufetv,TBT,0,60k Views
enchufetv,DICCIONARIO ENCHUFE,0,69k Views
Webs & Tiaras - Toy Monster Compilations,Chris Lorenzo | NYC | Jan 21,0,1.2k Views
Webs & Tiaras - Toy Monster Compilations,What is a Chodegang?,0,41k Views
Webs & Tiaras - Toy Monster Compilations,calling all rydrz - 1 2 . 3 0 . 1 6,0,74k Views
Webs & Tiaras - Toy Monster Compilations,The White Panda | NYC | Dec 30,0,954 Views
Webs & Tiaras - Toy Monster Compilations,Figure presents TERRORVISION | NYC | Jan 13,0,36k Views
Webs & Tiaras - Toy Monster Compilations,NYE 2017 | New York City,0,10k Views
Webs & Tiaras - Toy Monster Compilations,Circa Survive | Jan 15 | NYC,0,6k Views
R√©mi GAILLARD,BEST OF 2016 (REMI GAILLARD),2459417,5M Views
R√©mi GAILLARD,I SHOT SANTA CLAUS,0,951k Views
R√©mi GAILLARD,SHOWER ELEVATOR (R√©mi Gaillard),0,2.1M Views
BIGBANG,BIGBANG10 THE EXHIBITION - 'A TO Z' PROMO SPOT,0,340k Views
Movies,Trailer | The Bongs Again‚Äã,0,589k Views
Movies,Kiriti Roy on Rannaghor Rockstar,0,7.6k Views
Vikkstar123,Giant Tennis Ball Crossbar,0,18k Views
Vikkstar123,Skiing & Paragliding in The Alps,0,2.9k Views
Vikkstar123,Cuba!,0,5.8k Views
Vikkstar123,Gang Beasts LOL,0,11k Views
Vikkstar123,RipSki,0,22k Views
Vikkstar123,A MLLI,0,28k Views
SmarterEveryDay,Obama STarbucks,0,162k Views
Jimmy Kimmel Live,Jimmy Kimmel Receives Strange Gift From Guitar Player,0,106k Views
Jimmy Kimmel Live,Jimmy Kimmel's Giant Stuffed Bear Revenge,0,325k Views
Jimmy Kimmel Live,Cousin Sal's Home Deliveries - Thai Food,0,76k Views
Jimmy Kimmel Live,Don't Talk Into the Mic and Win $10,0,218k Views
Jimmy Kimmel Live,Verne Troyer Visits a Wolf Sanctuary,0,118k Views
Jimmy Kimmel Live,Guillermo's New Year's Resolution,0,91k Views
Jimmy Kimmel Live,The Bachelor - Home Alone,0,238k Views
Jimmy Kimmel Live,Kimmel Kartoon - The Bachelor and Jabberjaw,0,99k Views
Jimmy Kimmel Live,"Bachelor Watch Party with Jimmy Kimmel, Andi Dorfman and Kaitl...",0,121k Views
Jimmy Kimmel Live,Jimmy Kimmel's Predictions for The Bachelor Nick Viall,0,90k Views
Mamilos Molengas,Dan√ßa do Miojo,0,4.8k Views
Mamilos Molengas,Trechinho do v√≠deo novo,0,1k Views
Galinha Pintadinha,Galinha Pintadinha Mini na Telona - Trailer Oficial,0,25k Views
Ray  William Johnson,LIVE CHAT,0,319k Views
Ray  William Johnson,That little moment of manliness...,0,2.9M Views
Ray  William Johnson,LIVE CHAT,0,593k Views
Ray  William Johnson,That little moment of manliness...,0,2.9M Views
Ray  William Johnson,LIVE CHAT,0,398k Views
Ray  William Johnson,LIVE CHAT,0,398k Views
Ray  William Johnson,Her Special Talent,0,36M Views
Ray  William Johnson,LIVE CHAT,0,267k Views
Ray  William Johnson,When you finally get caught...,0,21M Views
Ray  William Johnson,Calling shotgun...,0,1.1M Views
SciShow,Why Do Bruises Change Colors?,0,13k Views
SciShow,Why Does Pepper Make You Sneeze?,0,8k Views
SciShow,Why Do Planes Fly So High?,0,10k Views
SciShow,Why Does Cilantro Taste Like Soap?,0,16k Views
SciShow,Why Do Things Fade in the Sun?,0,13k Views
SciShow,Why Does Your Breath Stink in the Morning?,0,15k Views
SciShow,Why Is Only Half Of My Nose Working?,0,17k Views
SciShow,Why Do Things Look Darker When They're Wet?,0,13k Views
SciShow,How Does Hair Know When To Stop Growing?,0,23k Views
SciShow,Why Do We Wrinkle When Wet?,0,14k Views
LittleBabyBum ¬Æ,Beautiful baby with the most gorgeous smile,0,2.6k Views
JacksGap,Our Changing Climate,1245436,52k Views
JacksGap,Update from Greeland,0,177k Views
JacksGap,Collaborate with us! ,0,241k Views
Markiplier,boat dog,0,587k Views
ThePianoGuys,Bourne Vivaldi,0,57k Views
ThePianoGuys,Kung Fu Piano: Cello Ascends,0,153k Views
ThePianoGuys,Drop the beet,0,93k Views
ThePianoGuys,NAME THAT SONG...,0,131k Views
ThePianoGuys,"""Where Are You Christmas"" - ThePianoGuys",0,273k Views
ThePianoGuys,It's Gonna Be Okay,0,323k Views
ThePianoGuys,Squirrel!,0,91k Views
DisneyChannelLA,#ElMundoDeRiley,0,116k Views
DisneyChannelLA,#AmigasCuandoSea,0,14k Views
DisneyChannelLA,#Rewind2016,0,53k Views
DisneyChannelLA,#FelizA√±oNuevo,0,102k Views
DisneyChannelLA,#JuegaNintendo,0,25k Views
DisneyChannelLA,#FelizD√≠aDeLosInocentes,0,70k Views
DisneyChannelLA,#JuegaNintendo,0,16k Views
DisneyChannelLA,#FelizNavidad,0,66k Views
DisneyChannelLA,#Goofy,0,38k Views
DisneyChannelLA,#Bizaardvark,0,25k Views
Tyler Oakley,SNERVOUS MOVIE PREMIERE,0,88k Views
Tyler Oakley,SNERVOUS - Documentary Trailer | Tyler Oakley,0,469k Views
Tyler Oakley,I WENT SKYDIVING.,0,311k Views
YRF,Dialogue Promo | Baees Saal | Veer-Zaara,0,78k Views
YRF,Song Promo: Tere Mere Beech Mein | Shuddh Desi Romance | Susha...,0,147k Views
YRF,Song Promo | Saans | Jab Tak Hai Jaan,0,62k Views
YRF,Dialogue Promo: Do Mahine Se Mere Pitaji Nahi Mil Rahe - Detec...,0,12k Views
YRF,Song Promo | Tune Maari Entriyaan | Gunday | Ranveer Singh | A...,0,46k Views
YRF,Song Promo: Mashallah | Ek Tha Tiger | Salman Khan | Katrina Kaif,0,39k Views
YRF,Dialogue Promo: Prem & Sandhya | Dum Laga Ke Haisha,0,63k Views
YRF,Remix | Nashe Si Chadh Gayi Song | Aqeel Ali | Arijit Singh | ...,261779,143k Views
ThatcherJoe,ULTIMATE MANNEQUIN CHALLENGE,0,1.9M Views
ThatcherJoe,SNAPCHAT FILTERS ON ADELE LIVE,0,2.9M Views
ThatcherJoe,When South Africans get bored..,0,580k Views
ThatcherJoe,South African eats a scotch egg for the first time,0,1M Views
ThatcherJoe,The best way to wake up your friends.. ,0,1.1M Views
ThatcherJoe,NO SLEEP FOR ROOMMATE PRANK ,0,2.6M Views
Rclbeauty101,If Google Was A Girl,0,72k Views
Rclbeauty101,Super Bowl Contour!,0,62k Views
Bratayley,Mickey's Not-So-Scary Halloween Party!,0,88k Views
SSSniperWolf,GLOWING HOT KNIFE CUTTING,0,136k Views
Vsauce2,Awesome Stuff Week,0,3.8k Views
Vsauce2,WONDER HOW BABIES LEARN?,0,1.8k Views
Vsauce2,MANGLED MIMES -- L√úT #51,0,4.7k Views
Vsauce2,5 Weird Foods Artists Ate ,0,3.6k Views
Vsauce2,Slicing Up Human Brains -- Mind Blow,0,6.2k Views
The Tonight Show Starring Jimmy Fallon,"Will It Tea? with Jimmy Fallon, Rhett & Link (Good Mythical Mo...",2773226,1.1M Views
The Tonight Show Starring Jimmy Fallon,Jimmy Demos the Hottest Christmas Toys with Kid Experts Evan a...,0,910k Views
The Tonight Show Starring Jimmy Fallon,Best Friends Challenge with Viola Davis,0,618k Views
The Tonight Show Starring Jimmy Fallon,"Jimmy Fallon, Paul McCartney and ""Sing"" Cast Perform ""Wonderfu...",0,8.7M Views
The Tonight Show Starring Jimmy Fallon,Denzel Washington Dramatically Reads Greeting Cards,0,2.3M Views
The Tonight Show Starring Jimmy Fallon,Virtual Reality Pictionary with Andrew Rannells and Michael Che,0,586k Views
The Tonight Show Starring Jimmy Fallon,Ramen Challenge with Sienna Miller (Plus Rockettes Surprise),0,1.1M Views
The Tonight Show Starring Jimmy Fallon,Snapchat Interview with Arnold Schwarzenegger,0,2.3M Views
The Tonight Show Starring Jimmy Fallon,Air Guitar Battle with Michael Fassbender,0,2.2M Views
Nash Grier,The Deleted Trailer,147559,57k Views
Nash Grier,ACNE,0,143k Views
Nash Grier,Jamaican Adventure,201043,49k Views
Nash Grier,Cupid Inc Teaser,0,51k Views
Nash Grier,The Next Chapter,0,102k Views
TheFineBros,TEENS REACT TO VIRAL SCARY CLOWN FAMILY VLOGS,0,12k Views
TheFineBros,REACT COMPILATION: YouTubers React & More! | December 2016,0,13k Views
TheFineBros,Kids React to Kids Are Lit Dance Compilation,0,17k Views
TheFineBros,GRAND THEFT AUTO (Original PlayStation) (Teens React: Retro Ga...,0,24k Views
TheFineBros,CRINGE CHALLENGE (ft. FBE STAFF),0,16k Views
TheFineBros,KIDS vs. FOOD - SOUR CANDY CHALLENGE,0,20k Views
TheFineBros,ADULTS REACT TO TRY NOT TO LOOK AWAY CHALLENGE,3232614,46k Views
TheFineBros,YouTubers React to Baby Butt Syringe Videos?!,1349406,21k Views
TheFineBros,CELEBS REACT TO THEIR FIRST TWEETS,0,12k Views
TheFineBros,DO TEENS KNOW 90's MUSIC? #3 (REACT: Do They Know It?),0,58k Views
Sky Does Minecraft,Adam vs Jordan MEGA JENGA BTS!,0,43k Views
Sky Does Minecraft,Hugs.,0,15k Views
Sky Does Minecraft,CUSTOM GTA (Tron),0,7.3k Views
Sky Does Minecraft,Bacon Man Uncensored!,0,16k Views
Sky Does Minecraft,RedVacktor play Hello Neighbor,0,14k Views
Sky Does Minecraft,Custom GTA - Tron,0,13k Views
KSI,Family Rap Cypher 2016,0,146k Views
Bie The Ska,‡πÅ‡∏Å‡∏•‡πâ‡∏á‡πÄ‡∏û‡∏∑‡πà‡∏≠‡∏ô ‡∏´‡∏•‡∏≠‡∏Å‡∏°‡∏≤‡∏ñ‡πà‡∏≤‡∏¢‡πÇ‡∏Ü‡∏©‡∏ì‡∏≤ Feat Sunbeary EP.5,0,15k Views
Bie The Ska,‡∏ô‡∏∂‡∏Å‡∏ñ‡∏∂‡∏á‡∏à‡∏±‡∏á‡∏´‡∏ß‡∏±‡∏î‡πÉ‡∏ô‡∏õ‡∏£‡∏∞‡πÄ‡∏ó‡∏®‡πÑ‡∏ó‡∏¢‡∏°‡∏≤ 1 ‡∏à‡∏±‡∏á‡∏´‡∏ß‡∏±‡∏î...,0,224k Views
Bie The Ska,‡∏õ‡∏è‡∏¥‡∏ó‡∏¥‡∏ô ‡πÄ‡∏î‡∏≠‡∏∞‡∏™‡∏Å‡∏≤ 2017,0,10k Views
Christian Figueiredo,Eu Fico Loko - O Filme,0,5.2M Views
CinemaSins,Everything Wrong With CinemaSins,0,19k Views
CinemaSins,5 Things Wrong With The Martian,0,20k Views
CinemaSins,5 Things Wrong With Batman Returns,0,12k Views
CinemaSins,5 Things Wrong With Batman (1989),0,26k Views
CinemaSins,Everything Wrong With Superman II,0,7.1k Views
CinemaSins,5 Things Wrong With Who Framed Roger Rabbit,0,14k Views
CinemaSins,Top 10 Movie Sins for Back To The Future,0,13k Views
CinemaSins,Everything Wrong With The Incredibles,0,4.6k Views
CinemaSins,Everything Wrong With Mission Impossible: Ghost Protocol,0,2.8k Views
CinemaSins,Everything Wrong With Batman v Superman Trailer 2 - Comic-Con ...,0,2.9k Views
BuzzFeedVideo,For Anyone Who Says You Shouldn't Rescue A Dog...,0,948k Views
BuzzFeedVideo,Can You Make Any Food Dessert?,682760,562k Views
BuzzFeedVideo,This Is Perfect For When It's Too Cold To Get Out Of Bed,0,4.1M Views
BuzzFeedVideo,Do Guys Know What Women Want?,546715,201k Views
BuzzFeedVideo,Coming Out,1498341,2.5M Views
BuzzFeedVideo,15 Lies We Tell Ourselves,338021,461k Views
BuzzFeedVideo,Will It Break?,0,571k Views
BuzzFeedVideo,What It's Like To Be A Female Professional Gamer,0,491k Views
Red Bull,SERATO RIP N FLIP #3STYLE WORLD FINALS,0,21k Views
Red Bull,WORLD FINALS CHILE RECAP,0,60k Views
Red Bull,RED BULL THRE3STYLE 2016 WORLD FINALS GROUP CHAT,0,56k Views
Sony Music India,Maachis | Remembering Om Puri,0,11k Views
Sony Music India,Thursday Throwback,0,5.3k Views
Sony Music India,The Breakup Song | 100 Million Views,0,12k Views
Sony Music India,Monday Motivation | The Humma Song | OK Jaanu,0,15k Views
Sony Music India,Enna Sona,0,9k Views
Galo Frito,RETROSPECTIVA 2016 ‚ô´,2169786,846k Views
Galo Frito,VEGAN vs. CARN√çVORO,0,220k Views
Galo Frito,LADY CILADA,0,105k Views
Galo Frito,MALANDRAMENTE VERS√ÉO INGL√äS - GALO FRITO,0,444k Views
Galo Frito,ASS GRENADE - BUMBUM GRANADA EM INGL√äS,0,125k Views
Galo Frito,FRIENDZONE A PE√áA EM CARUARU!,0,23k Views
Galo Frito,FRIENDZONE A PE√áA EM JO√ÉO PESSOA!,0,6k Views
Galo Frito,6 MILH√ïES DE CURTIDAS NO FACEBOOK!,0,150k Views
